{
  "checkpoint_steps": [
    1,
    2,
    3,
    4,
    5,
    6,
    8,
    10,
    13,
    17,
    21,
    27,
    35,
    44,
    56,
    71,
    90,
    114,
    145,
    184,
    233,
    296,
    375,
    476,
    603,
    765,
    969,
    970
  ],
  "steps_per_epoch": 97,
  "total_steps": 970,
  "epochs_at_checkpoints": [
    0.010309278350515464,
    0.020618556701030927,
    0.030927835051546393,
    0.041237113402061855,
    0.05154639175257732,
    0.061855670103092786,
    0.08247422680412371,
    0.10309278350515463,
    0.13402061855670103,
    0.17525773195876287,
    0.21649484536082475,
    0.27835051546391754,
    0.36082474226804123,
    0.4536082474226804,
    0.5773195876288659,
    0.7319587628865979,
    0.9278350515463918,
    1.175257731958763,
    1.4948453608247423,
    1.8969072164948453,
    2.402061855670103,
    3.051546391752577,
    3.865979381443299,
    4.907216494845361,
    6.216494845360825,
    7.88659793814433,
    9.989690721649485,
    10.0
  ]
}